,Rating
LIN PLETIKOS,1479.4496433899214
ALISON YOUNG,1479.686028554359
STRANSKY MARA,1481.4438902282568
FELIX MINEUR,1481.5944869483487
MARIT BOUWMEESTER,1482.1246046356848
AGUSTINA JORDAN VON APPEN,1482.1947257739912
LARS KREILAUS,1482.5113312186556
ANDREA NORDQUIST,1482.801388252517
BOUCKAERT LAURA,1482.8268464115504
LUKAS FANGMEYER,1482.9003173869887
YUURI YAMAMOTO,1483.8637927296986
DANIELA RIVERA,1483.9301105402574
ROMI SAFIN,1484.7073521331438
MAI KAKIMOTO,1484.9591458950842
WIKTORIA GOLEBIOWSKA,1485.0453510196348
VLACHOU MARIA,1485.3710628794186
FRANCESCA FRAZZA,1485.4416901272239
SOPHIA MORGAN,1485.5142947791003
MARLENE BRANDIS,1485.778248399734
LEON PFAFF,1485.8142766517412
ERICA PARTANEN,1486.014051096367
KLARA HIMMELOVA,1486.1290624351245
AINA BAUZA ROIG,1486.316106533097
NETHRA KUMANAN,1486.5796633650527
HONOKA MIURA,1486.6455119790955
ANNA POHLAK,1486.703359099314
SOFIIA NAUMENKO,1486.7161624419768
JONAS BARRAUD,1487.2097212911638
CORALIE VITTECOQ,1487.264431952381
TALLURI MATILDA,1487.3353676557804
PHILIPP VAN HUSEN,1487.4747604072008
CLARA GRAVELY,1487.6009321220938
RIZZARDI CARLOTTA,1487.7013329341003
GABRIELLA KIDD,1487.9507725539997
ARMANDO MORENO,1488.329077400231
LENA MARIE FISCHER,1488.6519259682345
GUIDO BRUCH,1488.7913998391755
VASILEIA KARACHALIOU,1489.122418082737
AISLING KELLER,1489.258444981648
PALOMA SCHMIDT GUTIERREZ,1489.4071385342795
DOLORES MOREIRA FRASCHINI,1489.7491454364158
KARL SCHMID,1489.7915036013837
VITTECOQ CORALIE,1489.9791078352052
PLASSCHAERT EMMA,1489.9937686615715
AGIJA ELERTE,1490.080878148633
NICLAS PERBAND,1490.1274671421077
HEEGAARD JOSEPHINE,1490.1336028691305
JULIAN MARIA DUARTE ARGERICH,1490.1338096360048
DIANA MARKOVA,1490.1453883452648
MATTHEW WEARN,1490.1470588235231
HERNANDEZ PENA ISABEL,1490.182530673701
JORDAN AGUSTINA,1490.3094413578056
CHRISTA ANN GEORGESON,1490.3438443098778
ERIK BOEN,1490.3677274060838
ANA WINTHER,1490.3846153846132
SELINA EBERLE,1490.394961608761
CANNELLE OPSTAELE,1490.3999999999978
BENINI FLORIANI CHIARA,1490.4027844390746
LUCIANA ANDREA CARDOZO,1490.4040799062752
MARENDIC PETRA,1490.4075754718704
MORITZ FISCHER,1490.416666666665
KELLY-ANN ARRINDELL,1490.4170126024146
KIM TAN,1490.4314629294179
PHILIPP BUHL,1490.4411764705821
FINN BICKERT,1490.4466002372994
THEO ROMEY,1490.508038471316
TIRIL BUE,1490.5487258701905
JOSEPH JAECKY,1490.5555555555538
GRAVELY CLARA,1490.5719237821877
BROOKE BOGDAN,1490.5791384275246
MAX HEISE,1490.599269273657
THOMAS VEZ,1490.6180067334822
AMAYA ESCUDERO,1490.6329057744397
LUCAS SUDAN,1490.6449834500281
PAIGE RAILEY,1490.658253192019
NAUMENKO SOFIIA,1490.669884479147
VICENTE FRANCISCO CURZI GHDINI,1490.6743501765457
ENGDAHL SISSEL,1490.6815480746102
CRISTINA CASTELLANOS,1490.68197879308
MARIA JOSE PONCELL MAURIN,1490.6908428907193
HERMANN TOMASGAARD,1490.7352941176412
DEWEY MAURA,1490.7590300319991
LENNART SEEBURG,1490.7692307692314
JULIEN KUPFERMUNZ,1490.7915348830854
MIURA HONOKA,1490.8726610725373
AGUSTINA CANCLINI,1490.944620446816
SVEA SAHLIN,1490.9884259385715
JOAQUIN BLANCO,1491.0294117647002
KELLY MCMURRAY,1491.0497266628186
EVANGELIA KARAGEORGOU,1491.0544792543553
VINCENT THOMAS,1491.0550940416535
ALBERTINE LIND,1491.0573825784977
TODOROVA YOANA,1491.0606060606008
ALEXANDRE FRISSEN,1491.088241851825
MARTA LIVA RUPENHEITE,1491.1111111111113
ANDERSSOHN HANNAH,1491.1382897598953
PIETER HUIZER,1491.199999999998
MARCELO FREZZA,1491.2148907170865
HATLOY MARINA,1491.2294932800899
SCHIFFMAN HALLIE,1491.2539592451292
ELISABETH WEGNER,1491.2666042042642
ALDERS KULYNYCH-IRVIN,1491.2850207804654
MORITZ LUTKE NOTARP,1491.300763174468
MARTIN VAN OLFFEN,1491.3010281468094
JUSTIN NORTON,1491.3235294117592
MARCO CASALINI,1491.3460453007044
ARNDT KLINGENBURG,1491.3556911463904
MANESTAR NIKA,1491.3636363636313
VEERAVAMSHAM VAISHNAVI,1491.417821245429
SOPHIE ZIMMERMANN,1491.4181156179916
KARLA SAVAR,1491.425415963759
JUAN CRUZ PALOMBO,1491.485160987357
ROSINE BAUDET,1491.495738936778
NISSEN FREDERIKKE TAUL,1491.5034658828297
KAILEY WARRIOR,1491.5203148981122
JAKOB FEHLBERG,1491.5606700502635
JILLIAN LEE,1491.5934831906497
MARCO GALLO,1491.6176470588182
ESTHER GHEKIERE,1491.6398040759104
TODOROVA STANISLAVA,1491.6666666666617
THOMAS THYM,1491.6666666666652
ROCA DE TOGORES ASCENSION,1491.6889291574842
OLAV STANDNES GRONLUND,1491.7470377509117
MARCELO ADOLFO GONZALEZ PONDAL,1491.7554312576274
MARINA HATLOY,1491.7759401464943
NIEZABITOWSKA LILLY MAY,1491.7774384855695
NORSELL MICHALA,1491.8726684207281
FILLAH KARIM,1491.9117647058772
ANNA BRZOZOWSKA,1491.9296176444313
BIANCA TUNGER,1491.9334231472228
INI BEATRICE,1491.9682449594145
DE CARINA CARLA,1491.9696969696922
OSKA KNOBEL,1491.9708335875487
AVERY BALDWIN,1491.990903133406
THOMAS VIVES POTTHOFF,1492.0257015278978
OLIVIA CHRISTIE,1492.0296786822444
RAAMAT ELIISE,1492.0332058608135
PETEH TEA,1492.0460720146268
FRANSSEN LUCIE,1492.0514110883094
ASHLEY STODDART,1492.0677874956734
COLLIN FINLEY RIEHL,1492.1108321839401
LARA HIMMES HIMMES,1492.1453883452639
TERRY SCUTCHER,1492.1705933642008
BAUDET LEONIE,1492.1753622665406
HALLIE SCHIFFMAN,1492.1886605337054
ZENO GREGORIN,1492.2058823529362
FERNANDA DECNOP COELHO,1492.243294597982
GESA PAPENTHIN,1492.265021683252
JIA KIM,1492.265752098213
DEURINGER GIORGIA,1492.2727272727227
LOTTA GISSELMANN,1492.2896293042709
SABRINA FERRARA,1492.2959717981682
ADRIANA PENRUDDOCKE,1492.2976935501313
JENS BRELLE,1492.3076923076928
JUELL-BERGAN NANNA SOFIE,1492.3253836910492
PARODI NINA,1492.3253878165572
JEAN-LAURENT DIRIX,1492.3299964215469
IUORIO ALINA,1492.3645341015035
CORAILE VITTECOQ,1492.366907688373
CHRISTIAN DEMLEITNER,1492.4271263817855
URSULA BALAS,1492.4606171396479
JENNIFER OHRNELL,1492.4777876406986
YANIC GENTRY,1492.4999999999952
HINRICH MYLIUS,1492.5598995745413
MARTIN IGLESIAS,1492.5662420684387
TOMBE YUMIKO,1492.58076845435
UTHEIM UNA BRYHNI,1492.599356293789
ROIHU KATARIINA,1492.648590476198
COMPANY BLANCA,1492.6825306736998
MIA LILIENTHAL,1492.6905535981452
LINDA HENSEL,1492.6908428907182
OLAV GRONLUND,1492.692307692306
SACKER MOLLY,1492.7136610599907
CAROLINE SOFIA ROSMO,1492.7699537788853
REMO STEINMANN,1492.7777777777765
IGOR LES,1492.7941176470542
MAXIMILIAN RIBEIRO MULLER,1492.8301698448117
FACUNDO ALFARO JAIME,1492.836512338709
INES GMATI,1492.8726610725362
DAVIS LUCY,1492.8733288965288
NALBANTOGLU LARA,1492.8787878787837
MARIA JOSE PONCELL,1492.9320796039933
NINA LOSER,1492.9676669223259
RICCI LUCREZIA LUNA,1493.0396735308425
GRETA PILKINGTON,1493.0544792543542
SAGIE GLANTZ,1493.0882352941132
NICO HEISE,1493.099269273657
TIMON SIEDLER,1493.1004401150822
KIM PLETIKOS,1493.106088232667
INES ANTONI,1493.1067826089795
FANNY DE SUSINI,1493.1160855130386
SEBASTIAN RODE,1493.1206043171358
WINTHER ANA EMILIE,1493.1473014992687
AUDREY FOLEY,1493.1673737216402
ALENKA VALENCIC,1493.2362974361722
MANSY KHOULOUD,1493.2639750915828
SEUNG HYEON KANG,1493.3288514704852
JEKABS CODARS,1493.3333333333335
GABRIEL TORRE,1493.37705287925
KAROLIS JANULIONIS,1493.3823529411723
CHELLI VALENTINA,1493.3968163879852
TALIA HAMLIN,1493.402667839287
SOPHIA GAIL MONTGOMERY,1493.4181156179902
ISABELLA MAEGLI AGUERO,1493.4422226864485
CRISTINA PUJOL,1493.4578167792824
GUDLEIK KJOPSNES,1493.461538461537
RUBEI YUAN,1493.477164083323
MARKOVA DIANA,1493.4848484848446
HARTENBERGER ELISA,1493.4987357867599
ANDREAS NEUMANN,1493.5082074628663
JAN GISSELMANN,1493.5601631534414
PARK JEONGBIN,1493.5716673992752
KATARIINA ROIHU,1493.5999337998082
BALTHAZAR REMOTTI,1493.6473231495204
PAVLOS KONTIDES,1493.6764705882313
TAMM ELISA,1493.6952467047483
CORTE SUALON GIULIA,1493.7539592451278
ELZA CIBULE,1493.7543833853788
MARCUS ANDERER,1493.7666042042642
SAVAR KARLA,1493.7878787878751
JUERGEN LEMKE,1493.8461538461543
LUCA VANLAEKE,1493.8684579600083
ISABELLA MENDOZA CABEZAS,1493.8732560745807
JACK DE RIJK,1493.9097237989836
SOFIA GIOVINAZZO VON THUMEN,1493.9175934197908
KLAUS SARZIO,1493.940119905298
CORREA PONS MARIA ALEJANDRA,1493.9692193074882
DAN SELF,1493.9705882352903
LUKAS GRAF,1494.0487480034067
LENA ABENDROTH,1494.0829638736634
CLEMENTINE THOMPSON,1494.1144915940117
GU MIN,1494.1453883452625
MATTES HAMANN,1494.1815211961637
LISBETZY ROJO SALAZAR,1494.1878636900612
RINDOM ANNE-MARIE,1494.1889291574837
SOREN HOMME HALAND,1494.1898650461058
MORITZ POPP,1494.2411154549154
DERYCKERE AUDREY,1494.243191910228
MIA BECKMANN KLAEBOE,1494.246989573774
CLAIRE MERRY,1494.25
MARTIS PAJARSKAS,1494.2647058823493
ANDELA DE MICHELI VITTURI,1494.2825588209025
EMILIE K NILSEN,1494.3044288010776
SCHEWE LAURA,1494.3162383612823
YUMIKO TOMBE,1494.334062929055
FRANK STORCK,1494.349269273657
"RICARDO GI, ESSLER",1494.390111568299
BRECHT ZWAENEPOEL,1494.3999999999987
HANNE WEAVER,1494.4506260477933
VALENTIN FERNANDEZ,1494.451791466434
MARIA LAURA CUETO,1494.4581339603317
GUARAGNA NICOL,1494.4682449594134
JUNG HYEWON,1494.4947443223523
EDWARDS SAMANTHA,1494.5171645129678
MAXIME MAZARD,1494.5588235294083
AVA ANDERSON,1494.5791384275215
ELENA OETLING RAMIREZ,1494.5821595375455
CHRISTOFF SCHIEGG,1494.589288543947
YI XIN LI,1494.6054472151657
CRUSEMANN CARLOTTA SOPHIE,1494.6969696969666
TRISTAN SCHNITZER,1494.7185647871056
DAVID BUCHLER,1494.7283071429233
TOMAS ELIAS,1494.728404230602
CESAR SIERHUIS,1494.779289016375
JACINTA AINSWORTH,1494.786760501575
STANNAGE SYLVIE,1494.8024366300447
HENRIETTE HABERLAND,1494.8182131726123
MOHAMAD LATIF NUR ALIA AMERA,1494.825387816556
ETIENNE LE PEN,1494.8529411764673
DONGSHUANG ZHANG,1494.8536022483875
CAROLINA JOAO,1494.9548277284657
LEA SOPHIE CLAASEN,1494.967975041083
FINN PETZOLD,1494.9920547827544
STEFANO ANDRE PENDOLA DE LA TORRE,1494.9986745008725
SHANA BURGER,1494.999999999999
ANTON THONFELD,1495.0550940416535
SOFIE SLOTSGAARD,1495.1228949553565
KERSTIN NOLLERT,1495.1298290844875
JOAO PEDRO HERRLEIN SOUTO DE OLIVEI,1495.1470588235263
AQUILINA LACEY,1495.1825306736987
INGRID BOEN,1495.195313612981
MAX FRANK,1495.199999999999
ALEKSANDER KRYSIAK,1495.2306890130285
LISA FASSELT,1495.25
HENSEL LINDA,1495.2603577289121
LINA HARTENBERGER,1495.2626022772452
IGNACIO GARCIA CANTELLI,1495.268944771143
LENNY ZUGER,1495.2762813901934
HIMMELOVA KLARA,1495.3264116077316
PROCTER HONOR,1495.3390823211873
WOLFGANG FUSS,1495.3846153846157
BAVO SMETS,1495.4069194984697
PENRUDDOCKE ADRIANA,1495.4178212454294
KHAIRULNIZAM MOHD AFENDY,1495.4411764705853
MICHEL QUAL,1495.5328725475156
MARLENE RIQUELME ANTONETTI,1495.5392150414134
MIRZAI ELLA,1495.5396735308414
EMILS MIKUS BASKEVICS,1495.5555555555557
LASSE WEIGT,1495.599269273657
HANSSON-MILD MAJA,1495.606060606058
ABREU GARCIA INES,1495.6130549239272
MIKKEL JANSEN,1495.626630217196
SEBASTIEN BAUDIER,1495.6488542337665
JESPER FREIENSTEIN,1495.6541708543496
MAXIMILIAN OTT,1495.670369625028
CALDECOAT PAIGE,1495.7255135531218
PERELLO MARGA,1495.7255725479693
TOM STRUVE,1495.729029065237
MAXIM NIKOLAEV,1495.7352941176443
LEVI VOGEL,1495.7795769933773
HENRY BRENNE,1495.803142817786
JOSE LUIZ PEREZ FRAQUELLI,1495.8094853116838
KLAEBOE MIA,1495.887027526667
HANS HABERLAND,1495.89499571311
REINO MARTINA,1495.9746434431977
TOMAS PELLEJERO,1496.0294117647034
JUAN BARTOLOME CHA VACCARI,1496.0797555819543
MOMOKO TADA,1496.131298316701
HIGHFIELD NANCY JANE,1496.1453883452625
KILMARTIN SOPHIE,1496.1610001294068
FREDERIK LAY,1496.2109101655683
KOBA HANNA,1496.212121212119
HAJI-MICHAEL ANYA,1496.2205082233456
HENRIETTE SCHADE,1496.2499999999993
MAURA DEWEY,1496.2619011610163
JAKOB SUIKAT,1496.2666042042642
LOIC QUEYROUX,1496.3235294117624
LIHUEL GOMEZ LACCHINI,1496.3500258522247
YOLANDA GEBEL,1496.4071596012636
HALD LISA MARIA,1496.4349727321467
BARBARA SCHOL,1496.518419451158
AOIFE HOPKINS,1496.519412420568
STEPHANIE LOUISE NORTON,1496.5203408321865
SINDRE SOREBO,1496.5384615384608
MARIANNE BERG,1496.5746239578089
CLARA BEN-AMOR NUNEZ,1496.5750436322357
WILLIAM DE SMET,1496.6176470588214
IGNACIO FRIAS,1496.6202961224951
LENA HAVERLAND,1496.6354999973735
MONCADA SANCHEZ ANA,1496.648590476199
SANDRA LULI,1496.6967854863437
SINGLETON IRIS,1496.7089453348865
HYE WON JUNG,1496.7331067896332
PIERRE VANDECLEE,1496.7525133729196
TOM NACHTSHEIM,1496.8102366009364
DONERTAS DENIZ,1496.81818181818
BERNARDO LOW-BEER,1496.8238279450004
FEDERICO ISEM,1496.8905663927655
LORENZO BRANDO CHIAVARINI,1496.9117647058804
BIRGIT RIEMANN,1496.9230769230771
"SEBASTIEN VAN DE VOORD, E, -VAN BOCXLAE",1496.9453810369312
MARIIA KISLUKHINA,1496.971634451155
ANDERSEN PUK,1496.9829179376263
MAX STRUVE,1497.0550940416535
ANNA-KATHARINA SCHMOLZER SCHMOLZER,1497.0833333333328
FRAZZA FRANCESCA,1497.1212121212104
KAKON SHAI,1497.1303964500519
JEANETTE SCHLOSSER,1497.1350455231518
AGUSTIN SAGUIR,1497.160836663036
STEPHANIE NORTON,1497.1673737216377
SAVELLI SARA,1497.1966112550988
FRANCISCO RENNA,1497.2058823529394
MATTHEW CHASSOT,1497.2222222222217
NILAS GOA DIAB,1497.2357370336558
VIDMAR LANA,1497.2568905403662
GRY DAHL,1497.2642791302228
VICTOR AUGUST RONNING SOLSTAD,1497.3076923076917
WILFRIED LIEKMEIER,1497.3180385318392
LAURA SCHEWE,1497.3609307170493
SIJP TE WITT,1497.3879846685495
MARILENA MAKRI,1497.3924813739977
ZYUZINA EKATERINA,1497.424242424241
MATTI RODRIAN,1497.4247644394084
VERONICA JORDANA,1497.4311069333064
FATIMA REYES,1497.4758361318275
MAREK ZALESKI,1497.4999999999984
ARSENI MARIA VITTORIA,1497.5457574454701
SOFIE FORLI,1497.5803870672476
JANNES LLULL,1497.5836301894988
MAILYS RADULIC,1497.5841706194199
LAURA BOUCKAERT,1497.5999999999995
SOPHIA MONTGOMERY,1497.6379619569316
MILDA EIDUKEVICIUTE,1497.6439033587183
KUMPINA ESTERE,1497.6561875182028
SEGNINI NICOL,1497.6825306736982
MATTEO WALLAU,1497.7013772035768
JOHANNA WILD,1497.7193275100274
SARONA ALIDA CAUNE,1497.7777777777778
GIORGIA DELLA VALLE,1497.7817519816258
JOEL RODRIGUEZ,1497.7941176470574
LAURA BO VOSS,1497.811970585609
JOSEPH RICHARDSON,1497.830233254411
THOMAS BUTTNER,1497.8325317871895
EKATERINA ZYUZINA,1497.849223139431
CHRISTIE OLIVIA,1497.8793597069684
SOREN HAMPEL,1497.9166666666663
ATHANASIA FAKIDI,1497.9297848424296
CAREN NIEZEN,1497.9543539770636
LINE-ANNELIEK PAHLER,1497.9653049799492
FLORENCIA CHIARELLA SALAS,1497.9716474738473
BOROVKOVA ELIZAVETA,1498.0303030303019
GEORG JENSEG,1498.0769230769226
GASKELL-BROWN HANNA,1498.0788083485857
MARTIN RENN,1498.0872693010701
NIELS BROEKHUIZEN,1498.0882352941164
JAN PUTZIER,1498.1173944335424
ANTOINE COMBY,1498.1449834500281
ANA MONCADA SANCHEZ,1498.1661065313278
JACOB HOFFMANN,1498.2126026645533
NIKLAS BUTTNER,1498.2355752502197
BAUTISTA BECERRA,1498.2419177441177
ANNALISE MURPHY,1498.25
MARTIJN VAN DIJK,1498.257549885941
SANKO EKATERINA,1498.3333333333323
JUAN PABLO BISIO,1498.3823529411754
CARLES-TOLRA MIRIAM,1498.3968163879838
NANCY JANE HIGHFIELD,1498.435234449207
SYLVIE STANNAGE,1498.444758962968
RUDOLF FREUND,1498.4615384615386
"EMILIE VAN DE VOORD, E, -VAN BOCXLAER",1498.4838425753926
REINO CAHO MARTINA,1498.4947443223532
ROMAN AVRAMENKO,1498.50584552049
MARISSA IJBEN,1498.5090247088983
FELIPE BLAS ALFARO,1498.5121880143881
OPSTAELE CANNELLE,1498.6267535540653
TOBIAS SORGE,1498.6284184191184
ROCA DE TOGORES ASCENSIC/N,1498.6363636363628
VOROBEVA ELENA,1498.6428746860224
BENDIK STENING,1498.6435894750507
WEIYI LU,1498.6480004066536
AGUSTIN VIDAL INCATASCIATO,1498.6764705882345
JESSICA WEBER,1498.7499999999998
HANNAH QUINT,1498.7666042042642
JAN CEGIELSKI,1498.7761157907605
DANTE VOLKER,1498.7824582846586
MATHILDE HEIDER,1498.856500070301
BOCKL JOHANNA,1498.9007261568051
BETTINA CIESLA,1498.9136128682705
BEREZA EKATERINA,1498.9393939393933
NICOLO VILLA,1498.9705882352935
EVIE SAUNDERS,1499.0089575569978
FINN DAMMANN,1499.046386061031
HECTOR RENE DAVID,1499.052728554929
NUR SHAZRIN MOHAMAD LATIF,1499.074037419685
LOUISE CERVERA,1499.0843268942024
CLAUDINE TATIBOUET,1499.1271151033325
ERKAN ZULAL ALEV,1499.174698759545
FELIX D URSEL,1499.1999999999998
ANNA WEINZIEHER,1499.25
SAM WHALEY,1499.2647058823525
MAELLE FRASCARI,1499.275998597466
CARLOTTA RIZZARDI,1499.2862982789939
"EDUARDO ""EDY"" BRANZ",1499.3229988251994
LUCIE BEN-AMOR,1499.3336643218915
CHARLOTTE WEBSTER,1499.34328868352
BERTHOLD OELZE,1499.349269273657
ENNIO TURRIN,1499.3949834500281
TIMOTEO FILIPPINI,1499.4219551629062
MARIE DIETMAIR,1499.4444444444443
ANG JANIA,1499.4486713622848
SABRINA QUEREN,1499.454153408811
RADULIC MAILYS,1499.4953392215969
MARIAN FIEDLER,1499.5021168076967
KAZUMASA SEGAWA,1499.5588235294115
"JARI M, USSBACH",1499.5833333333333
AENNA HARTENBERGER,1499.5869266015718
ANA CAROLINA TONNIGES ROTH,1499.5932690954699
EVE MCMAHON,1499.596109086944
HANNA REVUTSKA,1499.625730839532
HABERLAND HENRIETTE,1499.6399922966384
TUZUN ECE,1499.7226439650246
VON ALLMEN ANJA,1499.8325205309739
PAULINE LIEBIG,1499.851307052298
MITCHELL KENNEDY,1499.8529411764705
JETTE FINTZEN,1499.8571968718422
SOFIA ALEJANDRA D'AGOSTINO,1499.8635393657403
LEONARD ALEXANDER MAIER,1499.936571365969
COLLINGRIDGE DAISY,1499.979749320948
NANCY HIGHFIELD,1499.9909031334005
MIRJA SPARN,1499.9946939493514
IAN JONES,1499.996680320724
UWE CLAASEN,1500.0
JULES COCK,1500.0
EMILS AMSILS,1500.0
TILL HEIMANN,1500.0037197617785
SARA CARMO,1500.0233194943055
VERSTRAELEN ELINE,1500.093355822571
ANDRES FONTAN,1500.1338096360107
BARRUE MARIE,1500.1354081799661
MAXI BICHLER,1500.1409208862265
ZHANG DONGSHUANG,1500.145388345262
TONCI STIPANOVIC,1500.1470588235295
LETIZIA LAY,1500.2118296396197
PAUL PATALAS,1500.2204955555972
MARTHE EIDE,1500.25
FLORIDIA JOYCE,1500.2603577289121
LILIENTHAL MIA MARIN,1500.270589170504
MOLLY SACKER,1500.2875677790223
SAKELLARIS CHRISTINA,1500.3408981685075
ELINE VERSTRAELEN,1500.3457786154959
MANUEL CADARSO,1500.4040799062811
LUKE ELLIOTT,1500.4411764705885
NILS FLORYZAK,1500.4466002373001
SNELLGROVE HANNAH,1500.461201568013
BRENDA BOWSKILL,1500.5010462158614
MIKA HYNER,1500.5352344898918
SAFIN ROMI,1500.539673530841
PALANTI ALESSIA,1500.5413062280725
BORIS DE WILDE,1500.5435158211876
ELENA VOROBEVA,1500.5674439302613
CARL AMEND,1500.599269273657
ALEJANDRO KUFFER,1500.6449834500281
LEO CONRADT,1500.6680076826535
TOMAS BODETTO,1500.6743501765516
ZAN LUKA ZELKO,1500.7352941176475
ANDERS BULTYNCK,1500.8000000000002
WIND ROOS,1500.8185343759837
SUSANNAH PYATT,1500.837180669643
ERIK RISSANEN,1500.8477275779505
IAN RAWET,1500.8662455381154
ZOE THOMSON,1500.914575477749
JESSE MO METT,1500.938277952924
ANTONY MUNOS,1501.0294117647065
FLORENCIA CHIARELLA,1501.054479254353
HELENE GRUNDVIG HVIDSTEN,1501.086102171583
LEVIN KOSKA,1501.1130419542042
KATHARINA SCHOCH,1501.164192377994
PIERRE-PHILIPP SCHABER,1501.2085482231944
BENJAMIN GALVAN,1501.2148907170922
TETIANA NIKITENKOVA,1501.235367724801
PAPENTHIN GESA,1501.2455318467637
ARTHUR FROMM,1501.2500000000002
KOURAVELOU ARGYRO,1501.2539592451262
EMELIE JOY HARDER,1501.2666042042642
DELLA VALLE GIORGIA,1501.3135841262817
BAUDET ROSINE,1501.3174515544931
JONATAN VADNAI,1501.3235294117655
FRANZ LASCH,1501.326950352544
ZENNARO SILVIA,1501.3317863003406
VALENTINA BALBI,1501.3445595371738
ALEXANDER ROTHHOFT,1501.355691146391
FRIIS JENSEN ANNELIE,1501.3664795814634
HANNE BIRKELAND,1501.4022101647063
LOVISA KARLSSON,1501.4026298391332
TILL KOLLREP,1501.4788184934648
ROGER TORRES,1501.4851609873626
AMELIE RIOU,1501.5393545318077
PAULINE BASTIAN,1501.541329558503
LUKA SCHERENS,1501.5607656523155
YUYA LONFILS,1501.6000000000004
CICCHINE' MARIA GIULIA,1501.611102102269
MILIVOJ DUKIC,1501.6176470588246
NUR ALIA AMEERA MOHAMAD LATIF,1501.6267238109087
BART MEYNENDONCK,1501.6398040759104
SERRANO CASTRO MARINA,1501.6404521842032
DOUGLAS SARAH,1501.7065214042511
JACQUES PERRET,1501.735810755507
CORNELIUS BRACHT,1501.7490887637352
AGNESE CAIAFA,1501.755431257633
EVA DEICHMANN,1501.7819881604682
MORITZ HARTMER,1501.849269273657
SIMON STRACKOW,1501.8922565513794
ARTEM FILATOV,1501.8949834500281
FRANCISCO GUARAGNA RIGONAT,1501.9117647058836
KYM AHRENS,1501.9334231472249
PERES LUISA,1501.9578828976387
HIMMES LARA,1501.9682449594115
MATILDA TALLURI,1502.0021486073947
THORSTEN WYK,1502.005328198189
SANTIAGO GUINAND,1502.0257015279035
ALEXANDER BORODULIN,1502.0869858397375
MAURICE HORRAS,1502.1108321839401
ESTERE PAULA KUMPINA,1502.1538923320786
FLORIAN CIESLA,1502.1568561115132
SODERBERG MIKAELA,1502.188397389683
ELIOT MERCERON,1502.2058823529426
RICARDS MUCINS,1502.2222222222222
SANDRA LULIC,1502.2555118502748
PHYLLIS-SOLVEIG VOGT,1502.264782055482
THEA LUBAC,1502.265021683249
FELIX KLIER,1502.2895125424393
ANGELINA PUKROPSKI,1502.2896293042759
ARIEL ZERPA,1502.295971798174
DAPHNE VAN DER VAART,1502.3428498760234
IDA-LINN VITTERSO,1502.4076290686337
MILLERET PERINE,1502.4623699924227
MAITE CARLIER,1502.4888918159497
STEFANO PESCHIERA,1502.5000000000016
FALASCA LUCIA,1502.5157294643805
LEON KAHL,1502.5487190004806
NAZLI CAGLA DONERTAS,1502.5487258701944
JUAN PABLO CAROSI WARBURG,1502.5662420684444
PIETER VAN LAER,1502.5690877444108
CRISTINA PUJOL BAJO,1502.5993603443096
AGNES BOMER,1502.6053759728984
AGUSTINA JORDAN,1502.6233011471948
PAIGE CALDECOAT,1502.6356332418623
CIBULE ELZA,1502.682530673697
SARA SAVELLI,1502.6905535981425
PELAYO SALVADORES-HANSEN,1502.6923076923083
WALTER GAHWILER,1502.6944763289937
JONATHAN ERHARD,1502.6973966520536
FABIANA EBERLE,1502.7026539164558
SAHLIN SVEA,1502.7363425951626
MYERS LILLIAN,1502.760357728912
BRUNO FONTES,1502.7941176470606
SANDER WOLFF,1502.8301698448167
PEDRO RODRIGUEZ REYNOSO,1502.8365123387148
SANCHEZ CARLOTA,1502.8787878787896
TONI SCHMIDT,1502.9166666666672
HANNAH ANDERSSOHN,1502.9801455074412
VIDELO CHARLOTTE,1503.0103151979024
HANNA KOBA,1503.0396675949335
MASTELIC PETRA,1503.0396735308398
MARTINEZ MARIA,1503.0505385968704
NORTON STEPHANIE LOUISE,1503.054479254353
JACQUELINE RECKZIEGEL,1503.0769230769229
ENRIQUE JOSE ARATHOON PACAS,1503.0882352941196
ROELAND DEPLANCKE,1503.099227190777
MAX SCHWARTING,1503.099269273657
FELIPE ALVES TELES REVOREDO LIMA,1503.1067826089852
BOJUN LIU,1503.139617418685
ZOE CLAIRE AUBERSON,1503.1449834500281
VICTORIA LAPPE,1503.173872964573
PLETIKOS LIN,1503.187587487641
TOWNSEND DRU,1503.2842878006422
BALAS URSULA,1503.3522022970956
JONATHAN RIECK,1503.3707103853576
NICOLAS CASSESE,1503.3770528792556
TOM BURTON,1503.3823529411786
METTE AABYE,1503.3848256675956
UNA BRYHNI UTHEIM,1503.3851874595243
ANDERSSOHN HANNAH CRIS,1503.4178212454303
TIMO LAUKHARDT,1503.4659831306744
KERSTIN ALTMANN,1503.4718846856867
MONCADA ANA,1503.4746434431972
DIRMA EISENGA,1503.4749411902899
PORTOLOU VARVARA,1503.5261343444338
MAUD JAYET,1503.55086970112
BRINKERT SIGNE,1503.558260403382
CAROLINA ALBANO,1503.6036300335104
ISABEL BUSCH,1503.647323149526
ROBERT DAVIS,1503.6764705882376
MATTIVI EMMA,1503.687061536398
TINA MIHELIC,1503.75
MARC MESSERLI,1503.7500000000007
ANDUGAR GISBERT ANGELA,1503.7539592451253
OKE NOMMENSEN,1503.7666042042642
CHRISTOPH WURM,1503.7784777331344
ANNA BICHLER,1503.797279862572
AKSEL NAESHAGEN,1503.8443915754774
AGATA BARWINSKA,1503.8959297039983
GABRIELLA MARQUES KIDD,1503.9175934197965
WANNES VAN LAER,1503.9705882352966
BAS BLOKZIJL,1504.000000000001
ALESSIA PALANTI,1504.0230813352302
KLAUS SCHULTE,1504.082963873664
PILNIK MAYA,1504.1062056088617
FELIX BONHAGEN,1504.1815211961687
FELIPE DE ROSA,1504.187863690067
MAX STIFF,1504.2188659337537
ELLA HEIDER,1504.2411154549177
GINTARE SCHEIDT,1504.25
PERNELLE MICHON,1504.2583184669893
HENRY MARSHALL,1504.2647058823557
BOLAT EBRU,1504.276543928768
HADDON HUGHES,1504.3039293135585
ALICE VIRGINIA GRASSI,1504.3445064076814
MALIN KORNICH,1504.349269273657
ANAIS WIENEN,1504.3798427675638
LEANDRO CASPAR,1504.3949834500281
PAULA LAIPNIECE,1504.4444444444443
JAN BELIK,1504.451791466439
MATEO VIDAL,1504.4581339603374
VYNOHRADOVA YELYZAVETA,1504.4682449594109
DONERTAS NAZLI CAGLA,1504.5273393521404
KAARLE TAPPER,1504.5588235294147
MIN GU,1504.6054472151627
VICTOR CAMBIER,1504.6067005778696
FLORIS MAES,1504.6376887292383
THORBEN FILLMANN,1504.6424537189096
ELSTNER AMELIE,1504.6541508143414
LUCIANA CARDOZO,1504.689481301718
THEO PIESKER,1504.7220617367095
NAINA MARIA PINTO,1504.7284042306078
VERONIKA KOZELSKA FENCLOVA,1504.735812730255
ISABELLE DOMPAS,1504.800000000001
VALENCIC ALENKA,1504.8253878165535
VIKTOR TEPLY,1504.8529411764737
EMILIA WACHS,1504.8595588142152
EBRU BOLAT,1504.907341778284
ATTWELL CARYS,1504.9281234170812
UTE NOACK,1504.967975041083
FELIPE WENZEL,1504.9986745008782
NOAH TSCHOPP,1505.000000000001
LEONIE HEIDER,1505.0103462241486
KUMANAN NETHRA,1505.117697543961
JACK WETHERELL,1505.1470588235327
WILSON BROOKE,1505.202096019821
NATHALIE GUNST,1505.2140716250728
ELIZABETH YIN,1505.25
JOAQUIM DUARTE ARGERICH,1505.2689447711487
JONATHAN BRINKMANN,1505.368374108972
JULIUS BRULL,1505.4000993547556
CHARLOTTE STROHFELDT,1505.4082500209624
LUISE JOHN,1505.4166666666677
THEODOR BAUER,1505.4411764705917
HOST LINE FLEM,1505.4703447619456
CASTRO NUNEZ ADRIANA,1505.476068622561
NEELE LUISA NAGEL,1505.5328725475206
FEDERICO SIEBERT FRANCAVILLA,1505.539215041419
EMIL SCHONING-OLSEN,1505.540141199189
BOLOU MARIE,1505.5716673992767
ANN-SOPHIE HEINRICH,1505.599269273657
BO MOERKERKE,1505.6000000000013
CHARLIE BUCKINGHAM,1505.7352941176507
CHLOE MARTIN,1505.75
WOLFF HELENA,1505.7500412253007
SIMEN HETLE ENGEN,1505.769230769232
KARIN FENDL-RENN,1505.7795769933796
MARIA GRACIA VEGAS TRIVELLI,1505.8094853116895
ARIKAN OKYANUS,1505.8510950720897
ELIA ARMBRUSTER,1505.8952829586437
LULIC SANDRA,1505.8991990686868
GEORG GRAW,1505.9529195500565
MICHAEL BECKETT,1506.0294117647097
MAGDALENA KWASNA,1506.047264703256
LORENZ HACKBUSCH,1506.0734130880614
NICO GAINSCHUK,1506.07975558196
THOMAS LEUKEL,1506.0836368424643
HOPKINS AOIFE,1506.1334706466562
PETER KOLOSKE,1506.1538461538457
MATTIS PEIRS,1506.1761502676998
LILLIAN MYERS,1506.20824675595
HULDA LILJA HANNESDOTTIR,1506.2153319301467
ANA EMILIE WINTHER,1506.229796371603
SANTINO LEIBIK,1506.2500000000011
MARTINEZ SHEILA,1506.2539592451246
PAUL HOFFMANN,1506.297512155527
MENDOZA CABEZAS ISABELLA,1506.2979864307802
"ANDREW , MCKENZIE",1506.3235294117687
NICOLAS CASTELARI RIVAS,1506.3500258522304
JULIA BUESSELBERG,1506.3808765399394
CHENG LING FENG,1506.3833991570375
TATIANA DROZDOVSKAYA,1506.5061422729325
FRANCESCA CLAPCICH,1506.5487258701953
STEFAN DR DOMOK,1506.5488077626105
SANLAY CASTRO,1506.5514663839283
ERDI MARIA,1506.560908154804
SITGES NICOLAU MIRIAM,1506.579517831397
PAUL ULRICH,1506.6139536286023
SAM MEECH,1506.6176470588277
LUCAS MOMES RUIZ,1506.6202961225008
RIHARDS PLAVINS,1506.6666666666665
LAURA BRUCH,1506.810236600937
ANDREA BUSCHMANN,1506.849269273657
CHRISTOPHER BARNARD,1506.9117647058868
VIKTORIJA ANDRULYTE,1506.9530858055941
FEDERICO FIERLI,1506.9953948953798
LARISSA UHDE,1507.0550940416535
MALIK BRETT,1507.0833333333346
AKKERMAN MIRTHE,1507.1035483813732
PIA KUHLMANN,1507.128081891441
"DELFINA ""DELFI! DE SETA DALLI",1507.1608366630414
JOEP GOTTGENS,1507.2000000000016
KARL-MARTIN RAMMO,1507.2058823529458
REBECCA COOK,1507.2222222222235
MOLLY HIGHFIELD,1507.2237352914915
JULIA BUSSELBERG,1507.236297436171
EMILIA BAYER,1507.2682684998354
VICTOR HENSEL,1507.288898505667
MARIE BOLOU,1507.2984963159909
PAUL HIRSCHBERGER,1507.3501437344746
SZULC LAURA,1507.3938768417395
HENRIK KULIK,1507.4247644394134
LUCILLE ANDREY,1507.434550490083
EVA WIESE,1507.4527442127853
CERVERA LOUISE,1507.4938139115284
BENJAMIN VADNAI,1507.5000000000048
KIRANA WARDOJO,1507.559869745273
MAXIMILIAN ELSTNER,1507.5622615169177
RASZKA DOMINIKA,1507.6678494444793
KARAGEORGOU EVANGELIA,1507.6825306736957
CHRISTOPH VON WOEDTKE,1507.6923076923072
FRITZ BOHLKE,1507.6950347096838
CRISTINA CASTELLANOS ESTRADA,1507.7013772035823
SOFIIA LARYCHEVA,1507.727936972164
ALICIA CEBRIAN,1507.75
FINN LYNCH,1507.7941176470638
WILMAR GROENENDIJK,1507.822767277247
MARTINA REINO CACHO,1507.8509617816571
SVENJA WEGER,1507.8804063470361
IAN STEIGUBER,1507.916666666668
ADAN LLEDO CLAUDIA,1507.9418220472191
SHAY KAKON,1507.945345868376
NELLE LEENDERS,1507.9635701634436
FRANCISCO GOMEZ,1507.9716474738527
JAYET MAUD,1508.0332058608155
EKATERINA MORGUN,1508.0640714259455
TIM WIRTH,1508.0872693010724
MARCO BENINI,1508.0882352941228
HENK WITTENBERG,1508.1028020574581
AMELIE RITSCHEL,1508.1449834500281
SOBCZAK KLARA,1508.215794649959
VALERIAN TREGEL,1508.2355752502247
AGUSTIN GONZALEZ VILLALBA,1508.2419177441232
VAIMO'OI'A RIPLEY,1508.3272065270799
JAKOB MALCHOW,1508.3333333333348
JOANNA UTIGER,1508.342819263757
JOYCE FLORIDIA,1508.3576230191318
SERGEY KOMISSAROV,1508.3823529411818
KUHLMANN PIA,1508.396816387981
STEFANI MUZAKOVA,1508.400205879727
THIERRY SCHILBACH,1508.4027753134221
GEORGINA POVALL,1508.4568144229136
OHRNELL JENNIFER,1508.470433365549
HANNES BRAUNE,1508.505845520495
CATERINA ISABEL ROMERO AGUIRRE,1508.5121880143936
ALEXANDRA BEHRENS,1508.515906731539
LUBAC THEA,1508.5680272269412
ANNABELLE RENNIE-YOUNGER,1508.5682731066179
SEBASTIAN LAPPE,1508.628418419119
FINNIAN ALEXANDER,1508.6764705882408
YAMAMOTO YUURI,1508.690842890716
MAXIMILIAN RUDEBUSCH,1508.6912486544413
PUJOL BAJO CRISTINA,1508.6923700848745
JOSEF MAURER,1508.723777989149
KELLY COLE,1508.7363403335087
SARAH GUNNI SCHIERUP,1508.75
JESSICA HERRMANN,1508.7500000000016
SANTORUM ALISS,1508.7539592451237
FREDERICA BRAATZ,1508.7666042042642
ANTONIO RIBEIRO MACHADO,1508.782458284664
MAARTEN BOOT,1508.800000000002
OLSSON JOSEFIN,1508.83178630034
SILVIA GOEBEL,1508.8565000703034
CHEN PIN-CHIEH,1508.8726610725341
VIESTURS SIMSONS,1508.8888888888887
MARTINA BEZDEKOVA,1508.9044075603995
NICK THOMPSON,1508.9705882352998
ECEM GUZEL,1508.9882431234694
AUGUST SJURSEN-ERIKSEN,1509.0169496785961
SOPHIE ZIMMERMANN VEJA,1509.0527285549344
JULIE ERHARDSEN,1509.0724747872903
MONTGOMERY SOPHIA,1509.1111021022664
ALBANO CAROLINA,1509.127126392418
ARGYRO KOURAVELOU,1509.2362974361702
LINE FLEM HOEST,1509.2397162258153
MICHALA NORSELL,1509.240542014181
THOMAS SAUNDERS,1509.2647058823588
BART MEYNENDONCKX,1509.2841305636557
JOAQUIN GALVAN,1509.3229988252049
ISABELLA FILIPPO,1509.4086092410719
KAKIMOTO MAI,1509.4181156179882
CARACCIOLO GINEVRA,1509.468244959409
LEVIAN BUSCHER,1509.53750932821
IMENEO CASEY,1509.5419797823547
FILIP JURISIC,1509.5588235294179
ELENA OETLING,1509.5766764679627
ALGRA ANNEMIJN,1509.585657663658
HENRIK PETERS,1509.5869266015768
FRANCISCO MAROTTA,1509.5932690954753
HIDDE SCHRAFFORDT,1509.6000000000022
ANJA VON ALLMEN,1509.6084405281786
CAGLA DONERTAS,1509.636592732493
EMMA PLASSCHAERT,1509.6555344213107
ARON HEIMONEN,1509.678072233672
MONA MERZ,1509.7244236790798
NAZLI DONERTAS,1509.7447436948535
DAISY COLLINGRIDGE,1509.7572137272607
JEAN BAPTISTE BERNAZ,1509.8529411764769
ERICK MARCONDES DE M.CARPES,1509.8635393657457
BOUWMEESTER MARIT,1509.9032148717683
CELINE REEGEN,1509.9704939026394
JUSTUS FRIEDRICH LOECK,1510.1036835013551
BARWINSKA AGATA,1510.2171394871223
CATTAROZZI FEDERICA,1510.2672181565117
AINSWORTH ELYSE,1510.6643910526934
ANNE-MARIE RINDOM,1510.6947648092275
LINE FLEM HOST,1510.7439328196513
JOSHUA BAIER,1510.7491551855346
BUESSELBERG JULIA,1510.868558969131
JOSEFIN OLSSON,1510.9231587196025
NICHOLLS MATILDA,1510.9896410332906
VILDE ANDREA BLYDT AARNAES,1511.0284733957483
GUZEL ECEM,1511.1070623260568
SARA WINTHER,1511.455657614575
JULE-JOHANNA BLANK,1511.47842740902
ISABELLA-ANNA BERTOLD,1511.719999480556
LINN NOACH,1511.9479037472724
CHRISTINA SAKELLARIS,1512.107040241883
MAKRI MARILENA,1512.201183807564
GOLEBIOWSKA WIKTORIA,1512.561626230072
ANDRULYTE VIKTORIJA,1512.7639141172872
MORTEN BEN BORCHARDT,1512.8537945231337
TUULA TENKANEN,1513.0903925110229
JONKER MAXIME,1513.5595353470642
MONIKA MIKKOLA,1514.6452711708703
NANNA SOFIE JUELL-BERGAN,1514.6490784307307
CHARLOTTE ROSE,1514.9134010157288
MIKKOLA MONIKA,1515.033817930402
MCMAHON EVE,1515.202470185563
ESCUDERO AMAYA,1515.2137370654937
CHIARA BENINI FLORIANI,1515.2285713389415
SINDRE JOHANNES BLYDT AARNAES,1515.4536274509355
MANAMI DOI,1515.506677469291
CONSTANTIN ENGELKE,1515.596491281056
ELYSE AINSWORTH,1515.6087299116896
LUKOYANOVA ALEXANDRA,1515.659680528891
MARA STRANSKY,1515.8255827645685
MARIELA NIKOLOVA,1515.9071827528014
DEISY NHAQUILE,1516.2894039635996
THOMSON ZOE,1516.39332250296
MAXIME JONKER,1516.5342902140887
CARDOZO LUCIANA,1516.7309259610322
MIRJA DOHLE,1516.9898528793128
HANNAH SNELLGROVE,1516.998757257837
MATILDA NICHOLLS,1517.058987904898
CONRADI PIA,1517.0834450598336
ALINA SHAPOVALOVA,1517.0883720120744
KARACHALIOU VASILEIA,1517.37577514826
MATHILDE DE KERANGAT,1517.5922406814059
CASEY IMENEO,1518.211781573295
LENNY SCHULZE,1518.2415592292978
MUNCH ANNA,1519.6102247795036
SILVIA ZENNARO,1520.0540972039344
ANNA MUNCH,1520.112128560089
SARAH DOUGLAS,1520.208915752395
MARIA ERDI,1520.549230119003
ALEXANDER DE BIE,1521.629456008911
ERIKA REINEKE,1523.6818581919788
MARIE BARRUE,1524.2721189070626
LUCIA FALASCA,1525.1664602438748
MIRTHE AKKERMAN,1525.3025759926823
MICHON PERNELLE,1526.976119563323
EVI VAN ACKER,1528.418979035036
